,MW,HBD,HBD,TPSA,RB,iLOGP,Fraction Csp3,Lipinski violations
count,543.0,543.0,543.0,543.0,543.0,543.0,543.0,543.0
mean,310.00014732965013,1.3609576427255985,1.3609576427255985,63.35036832412523,4.867403314917127,2.969779005524862,0.41388581952117864,0.20626151012891344
std,105.88400943764265,1.5145373668126922,1.5145373668126922,40.585215086628835,4.417437152225658,1.1422559518594853,0.26706309259395855,0.4951773152646402
min,101.15,0.0,0.0,0.0,0.0,-1.06,0.0,0.0
25%,237.275,0.0,0.0,39.44,2.0,2.325,0.21,0.0
50%,302.32,1.0,1.0,57.53,4.0,2.96,0.35,0.0
75%,363.92,2.0,2.0,75.29499999999999,6.0,3.58,0.6,0.0
max,736.72,11.0,11.0,289.66,28.0,8.37,1.0,3.0
